phase duration (us),pulse form,threshold
40,mono,2.4771308898925784e-06
50,mono,2.0545578002929684e-06
100,mono,1.223487854003906e-06
50,bi,3.0226135253906244e-06
200,bi,8.819961547851562e-07
400,bi,6.81610107421875e-07
