phase duration (us),pulse form,threshold
40,mono,0.00012490489959716798
50,mono,0.00011244048118591308
100,mono,0.0
50,bi,0.00012041955947875976
200,bi,7.763771057128907e-05
400,bi,7.39739227294922e-05
