phase duration (us),pulse form,threshold
40,mono,0.00033156279563903803
50,mono,0.00027223370552062985
100,mono,0.00015266589164733888
50,bi,0.000418737678527832
200,bi,8.385663032531735e-05
400,bi,5.2818374633789046e-05
